구분,검색어,유사어
신규 등록,24K ,"24K,투포케이"
신규 등록,2CELLOS,"2CELLOS,투챌로스,투첼로스"
신규 등록,2NE1,"2NE1,투애니원"
신규 등록,4minute,"4minute,포미닛"
신규 등록,Aalia,"알리아,Aalia"
신규 등록,AB6IX,"AB6IX,에이비식스"
신규 등록,A-FLOW,"A-FLOW,에이플로우"
신규 등록,AJ Tracey,"AJ Tracey,에이제이 트레이시"
신규 등록,Alesso,"Alesso,알레소"
신규 등록,AleXa,"AleXa,알렉사"
신규 등록,Alexander Oscar,"Alexander Oscar,알렉산더 오스카,알렉산더오스카"
신규 등록,Alicia Keys,"Alicia Keys,앨리샤 키스,앨리샤키스,알리샤 키스,알리샤키스"
신규 등록,almost monday,"almost Monday,올모스트 먼데이,올모스트먼데이"
신규 등록,Alt Bloom,"Alt Bloom,알트 블룸,알트블룸"
신규 등록,Amber Mark,"Amber Mark,엠버 마크,앰버마크"
신규 등록,Aminé,"Aminé,아미네,Amine"
신규 등록,Amy Shark,"Amy Shark,에이미 샤크,에이미샤크"
신규 등록,Angelina danilova,"Angelina danilova,안젤리나 다닐로바,안젤리나다닐로바"
신규 등록,Anson Seabra,"Anson Seabra,앤슨 세아브라,앤슨세아브라"
신규 등록,Apink ,"Apink,에이핑크"
신규 등록,Arcade Fire,"Arcade Fire,아케이드 파이어,아케이드파이어"
신규 등록,AREA21,"AREA21,에리어21"
신규 등록,ATEEZ,"ATEEZ,애이티즈,에이티즈"
신규 등록,Aurora,"Aurora,오로라"
신규 등록,Avicii,"Avicii,아비치"
신규 등록,B.I,"비아이,B.I"
신규 등록,BENEE,"BENEE,베니"
신규 등록,Benjamin Ingrosso,"Benjamin Ingrosso,밴자민 인그로쏘,벤자민 인그로쏘,벤자민 인그로소"
신규 등록,BE'O ,"BE'O,비오"
신규 등록,BewhY,"BewhY,비와이"
신규 등록,Beyoncé,"Beyoncé,Beyonce,비욘세"
신규 등록,BIG Naughty,"BIG Naughty,빅나티"
신규 등록,BIGBANG,"BIGBANG,빅뱅"
신규 등록,Billie Marten,"Billie Marten,빌리 마틴,빌리 마튼"
신규 등록,Bleachers,"Bleachers,블러처스,블리쳐스,블리처스"
신규 등록,BM,"BM,비엠"
신규 등록,BMK,"BMK,비엠케이"
신규 등록,bobae,"bobae,보배"
신규 등록,Brussels Philharmonic,"Brussels Philharmonic,브뤼셀 필하모닉"
신규 등록,bülow,"bülow,Bulow, 뷸로,뷜로"
신규 등록,BVNDIT,"BVNDIT,밴디트,벤디트"
신규 등록,Calfskin,"Calfskin,칼프스킨,카프스킨"
신규 등록,Carla Bruni,"Carla Bruni,칼라 브루니,카를라 브루니"
신규 등록,Carlie Hanson,"Carlie Hanson,칼리 핸슨"
신규 등록,Celeste,"Celeste,셀레스트"
신규 등록,CHAI,"CHAI,차이,이수정"
신규 등록,Chloe Flower,"Chloe Flower,클로에 플라워"
신규 등록,Chris Garneau,"Chris Garneau,크리스 가르노"
신규 등록,Chris Murray,"Chris Murray,크리스 머레이"
신규 등록,Christina Aguilera,"Christina Aguilera,크리스티나 아길레라,크리스티나 아길래라"
신규 등록,CIKA,"CIKA,시카"
신규 등록,CL,"CL,씨엘"
신규 등록,Cosmic Gate,"Cosmic Gate,코스믹 게이트,코스믹 개이트"
신규 등록,Cuco,"Cuco,쿠코"
신규 등록,Cyn,"Cyn,씨와이엔"
신규 등록,DAKSHOOD,"닥스후드,Dakshood"
신규 등록,Daniel Lozakovich,"Daniel Lozakovich,다니엘 로자코비치,다니앨 로자코비치"
신규 등록,Daniil Trifonov,"Daniil Trifonov,다닐 트리포노프"
신규 등록,D-CRUNCH,"D-CRUNCH,D CRUNCH,디크런치"
신규 등록,Dean Lewis,"Dean Lewis,딘 루이스"
신규 등록,Destiny Rogers,"Destiny Rogers,데스티니 로저스"
신규 등록,DK,"DK,디케이"
신규 등록,dosii,"dosii,도시"
신규 등록,Drake,"Drake, 드레이크, 드래이크,드레이크"
신규 등록,Duncan Laurence,"Duncan Laurence,덩컨 로런스"
신규 등록,EB,"EB,이비,최은빈"
신규 등록,Economy Choi,"Economy Choi,이코노미 최"
신규 등록,Eian,"Eian,이안"
신규 등록,eldon,"eldon,엘든"
신규 등록,Ella Henderson,"Ella Henderson,엘라 헨더슨"
신규 등록,Ella Mai,"Ella Mai,앨라 마이,엘라 마이"
신규 등록,Eminem,"Eminem,에미넴"
신규 등록,EPEX,"EPEX,이펙스"
신규 등록,Etham,"Etham,에담"
신규 등록,FLETCHER,"FLETCHER,플레처"
신규 등록,Fousheé,"Fousheé,Foushee"
신규 등록,Freddie Mercury,"Freddie Mercury,프레디 머큐리,프래디 머큐리"
신규 등록,FTISLAND,"FTISLAND,에프티아일랜드"
신규 등록,Gallant,"Gallant,갈란트"
신규 등록,Giovanni Allevi,"Giovanni Allevi,지오바니 알래비,지오바니 알레비"
신규 등록,Glass Animals,"Glass Animals,글래스 에니멀스,글래스 애니멀스,글래스 애니멀즈,글레스 애니멀스,글레스 에니멀스,글레스 애니멀즈,글라스 애니멀스,글라스 애니멀즈,글라스 애니멀즈. 글라스 에니멀즈"
신규 등록,GOT the beat,"갓 더 비트,GOT the beat,갓더비트"
신규 등록,GRAY,"그레이,GRAY"
신규 등록,Gregory Porter,"Gregory Porter,그래고리 포터,그레고리 포터"
신규 등록,Haechi,"Haechi,해치"
신규 등록,HAIM,"HAIM,하임"
신규 등록,half·alive,"half·alive,하프 얼라이브,할프 얼라이브"
신규 등록,HARRIANNE,"HARRIANNE,해리앤,해리엔"
신규 등록,Haru Kid,"Haru Kid,하루 키드"
신규 등록,Hauser,"Hauser,하우저"
신규 등록,HI SUHYUN,"HI SUHYUN,하이 수현,하이수현"
신규 등록,Hisaishi Joe,"Hisaishi Joe,히사이시 조"
신규 등록,Hodge,"Hodge,호지"
신규 등록,Holland,"Holland,홀랜드"
신규 등록,Hookuo,"Hookuo,후쿠오"
신규 등록,HUS,"Humming Urban Stereo,허밍어반스테레오,HUS,허밍 어반 스테레오"
신규 등록,Igor Levit,"Igor Levit,이고르 레빗,이고르 래빗"
신규 등록,ILLSON,"ILLSON,Double K,일슨"
신규 등록,Inhaler,"Inhaler,인헤일러"
신규 등록,ITZY,"ITZY, 있지"
신규 등록,IVE,"IVE,아이브"
신규 등록,IZ*ONE,"IZ*ONE,IZONE,아이즈원"
신규 등록,J n joy 20,"J n joy 20,제이앤조이 20,유준상,이준화"
신규 등록,J. Cole,"J. Cole,제이 콜,재이 콜"
신규 등록,James Bay,"James Bay,제임스 배이,재임스 베이,제임스 베이"
신규 등록,James TW,"James TW,제임스 티더블유,재임스 티더블유,제임스 TW"
신규 등록,JAMIE,"JAMIE,박지민,제이미"
신규 등록,Jamie Cullum,"Jamie Cullum,제이미 컬럼"
신규 등록,Janet Suhh,"Janet Suhh,자넷서"
신규 등록,JAWNY,"JAWNY,조니 유타,자니 유타,JOHNNY UTAH"
신규 등록,Jazmine Sullivan,"Jazmine Sullivan,제스민 설리번,재즈민 설리번"
신규 등록,JBJ95,"JBJ95,제이비제이구오"
신규 등록,jeebanoff,"jeebanoff,지바노프"
신규 등록,Jens,"Jens,젠스"
신규 등록,Jessica,"Jessica,제시카"
신규 등록,Jhené Aiko,"Jhené Aiko,Jhene Aiko,즈내 아이코,즈네 아이코,제인 아이코"
신규 등록,Jhnovr,"Jhnovr,Johnover,존오버"
신규 등록,JK 김동욱,"JK 김동욱,제이케이 김동욱"
신규 등록,Johnny Orlando,"Johnny Orlando,조니 올란도"
신규 등록,Johnny Stimson,"Johnny Stimson,조니 스팀슨"
신규 등록,Jonathan Groff,"Jonathan Groff,조나단 그로프,조너선 그로프"
신규 등록,Joseph Kim,"Joseph Kim,조셉 킴, 조셉 김"
신규 등록,Joymin,"Joymin,조이민"
신규 등록,Kameiro,Kameiro카메이로
신규 등록,Kanye West,"Kanye West,카녜이 웨스트, 카니예 웨스트"
신규 등록,KEEMBO,"KEEMBO,킴보"
신규 등록,Kep1er,"Kep1er,케플러"
신규 등록,Kim Jeong_uk,"Kim Jeong_uk,김정욱"
신규 등록,Kings Of Convenience,"Kings Of Convenience,킹스 오브 컨비니언스"
신규 등록,KIRIN,"KIRIN, 기린"
신규 등록,Kirk Franklin,"Kirk Franklin,커크 프렝클린,커크 프랭클린"
신규 등록,Kisnue,"키스누,Kisnue"
신규 등록,Kohway,"Kohway,코웨이"
신규 등록,KOONTA,"Koonta,쿤타"
신규 등록,Kungs,"Kungs,컹스,쿵스"
신규 등록,K타이거즈제로,"K타이거즈제로,K-TIGERS ZERO"
신규 등록,L.NDN,"런던,L.NDN"
신규 등록,LambC,"LambC,렘씨,램씨"
신규 등록,Lang Lang,"Lang Lang,랑 랑, 랑랑"
신규 등록,LE,"LE,엘이"
신규 등록,Lewis Capaldi,"Lewis Capaldi,루이스 카팔디"
신규 등록,Licens,"Licens,리첸스"
신규 등록,Lil Mosey,"Lil Mosey,릴 모지,릴 모시"
신규 등록,Lola Young,"Lola Young,롤라 영"
신규 등록,Loren Gray,"Loren Gray,로렌 그레이,로렌 그래이,로랜 그레이,로랜 그래이"
신규 등록,Luka Sulic,"Luka Sulic,루카 술릭"
신규 등록,Lukas Graham,"Lukas Graham,루카스 그레이엄"
신규 등록,M.O,"M.O,엠오"
신규 등록,Madonna,"Madonna,마돈나"
신규 등록,Mae Muller,"Mae Muller,메이 뮬러"
신규 등록,Maisie Peters,"Maisie Peters,메이지 피터스,매이지 피터스"
신규 등록,Marc E. Bassy,"Marc E. Bassy,마크 이 베시,마크 이 배시"
신규 등록,MC Meta,"MC Meta,엠씨 메타,MC 메타"
신규 등록,MC 스나이퍼,"MC 스나이퍼,엠씨 스나이퍼"
신규 등록,MC민지,"MC민지,엠씨 민지,mc minzy"
신규 등록,meenoi,"미노이,meenoi"
신규 등록,Michael Carreon,"Michael Carreon,마이클 케리언,마이클 캐리언"
신규 등록,Michael Kiwanuka,"Michael Kiwanuka,마이클 키와누카"
신규 등록,Migos,"Migos,미고스"
신규 등록,MIKA,"MIKA,미카"
신규 등록,MISSKISS,"MISSKISS,미스키스"
신규 등록,MOBULL,"MOBULL,모불"
신규 등록,Mokyo,"Mokyo,모키오,모쿄"
신규 등록,MSG워너비,"MSG워너비,MOM,엠오엠"
신규 등록,MUSM,"MUSM,엠유에스엠"
신규 등록,Naomi Scott,"Naomi Scott,나오미 스콧"
신규 등록,Natti Natasha,"Natti Natasha,나티 나타샤"
신규 등록,New Hope Club,"New Hope Club,뉴 호프 클럽"
신규 등록,NF,"NF,엔에프"
신규 등록,Nieah,"Nieah,니아"
신규 등록,Niko Walters,"Niko Walters,니코 월터스"
신규 등록,NILD,"NILD,닐드"
신규 등록,Noah Kahan,"Noah Kahan,노아 카한"
신규 등록,noovv,"누브,Noovv"
신규 등록,Norah Jones,"Norah Jones,노라 존스"
신규 등록,Nothing But Thieves,"Nothing But Thieves,나띵 벗 띠브즈,나씽 벗 띠브즈"
신규 등록,Offing,"Offing,오핑"
신규 등록,Oliver Tree,"Oliver Tree,올리버 트리"
신규 등록,Olivia Dean,"Olivia Dean,올리비아 딘"
신규 등록,Olivia Rodrigo,"Olivia Rodrigo,올리비아 로드리고"
신규 등록,One OK Rock,"One OK Rock,원오크락,원 오크 록"
신규 등록,onthedal,"onthedal,온더달"
신규 등록,OP,"OP,오피"
신규 등록,Otis Lim,"Otis Lim,오티스림"
신규 등록,Ozuna,"Ozuna,오즈나"
신규 등록,P.O,"P.O,피오"
신규 등록,Padi,"Padi,페디"
신규 등록,Pat Lok,"Pat Lok,팻 록,펫 록"
신규 등록,Peach Tree Rascals,"Peach Tree Rascals,피치 트리 래스칼스"
신규 등록,PERC%NT,"PERC%NT,PERCENT,퍼샌트,퍼센트"
신규 등록,philtre,"philtre,필터"
신규 등록,Phum Viphurit,"Phum Viphurit,품 비푸리트"
신규 등록,Polo & Pan,"Polo & Pan,폴로 앤 팬"
신규 등록,POLO,"POLO,폴로"
신규 등록,PREP,"PREP,프랩,프렙"
신규 등록,PRODUCE X 101,"PRODUCE X 101,프로듀스 X 101"
신규 등록,PUBLIC,"PUBLIC,퍼블릭"
신규 등록,Queen,"Queen,퀸"
신규 등록,Queen Naija,"Queen Naija,퀸 나이자"
신규 등록,Rad Museum,"Rad Museum,레드 뮤지엄,래드 뮤지엄,라드 뮤지엄"
신규 등록,Ragoon,"Ragoon,라군"
신규 등록,Retro Classic,"Retro Classic,레트로 클래식"
신규 등록,Risso,"Risso,리소,리쏘"
신규 등록,ROLE MODEL,"ROLE MODEL,롤 모델"
신규 등록,Ruiz,"Ruiz,루이즈"
신규 등록,Ryland James,"Ryland James,라이랜드 제임스"
신규 등록,SAAY,"SAAY,쌔이,쎄이"
신규 등록,Sage,"Sage,세이지,새이지"
신규 등록,Samm Henshaw,"Samm Henshaw,셈 핸쇼유,셈 헨쇼유,샘 핸쇼우.샘 헨쇼유"
신규 등록,SE O,"새오,세오,SE O"
신규 등록,SEOMINGYU,"SEOMINGYU,서민규"
신규 등록,SEOY,"SEOY,서이"
신규 등록,Sheku Kanneh-Mason,"Sheku Kanneh-Mason,세쿠 카네 메이슨,세쿠 카네 매이슨,세쿠 카내 메이슨,세쿠 카내 매이슨,새쿠 카네 메이슨,새쿠 카네 매이슨,새쿠 카내 메이슨,새쿠 카내 매이슨"
신규 등록,Sigrid,"Sigrid,시그리드"
신규 등록,SMTOWN,"SMTOWN,SM Town,에스엠타운,스엠타운,SM타운"
신규 등록,Sneezy,"Sneezy,스니지"
신규 등록,Sody,"Sody,쏘디,소디"
신규 등록,SOMDEF,"SOMDEF,썸데프"
신규 등록,SOOA-T,"SOOA-T ,수아트,장수아"
신규 등록,Soran,"Soran,소란"
신규 등록,STAYC,"STAYC,스테이씨"
신규 등록,Stela Cole,"Stela Cole,스텔라 콜,스탤라 콜"
신규 등록,Stephen Puth,"Stephen Puth,스테판 푸스"
신규 등록,Still Woozy,"Still Woozy,스틸 우지"
신규 등록,Sting,"Sting,스팅"
신규 등록,Stray Kids,"Stray Kids,스트레이 키즈"
신규 등록,SUN KIM,"SUN KIM,선 킴"
신규 등록,sunwashere,"sunwashere,썬워즈히어"
신규 등록,SUPER JUNIOR-K.R.Y.,"SUPER JUNIOR-K.R.Y.,SUPER JUNIOR KRY,슈퍼주니어 KRY,슈퍼주니어 케이알와이,슈퍼쥬니어 KRY,슈퍼쥬니어 케이알와이,수퍼주니어 KRY,수퍼주니어 케이알와이,수퍼쥬니어 KRY,수퍼쥬니어 케이알와이"
신규 등록,SURL,"SURL,설"
신규 등록,Svng,"Svng,yeesang,이상"
신규 등록,Swae Lee,"Swae Lee,스웨 리"
신규 등록,TAEK,"TAEK,텍,택"
신규 등록,Taylor Swift,"Taylor Swift,테일러 스위프트"
신규 등록,The 1975,"The 1975,더 일구칠오,더 1975"
신규 등록,The FunCity,"더 펀시티,The Funcity"
신규 등록,The Internet,"The Internet,디 인터냇,디 인터넷"
신규 등록,The Piano Guys,"The Piano Guys,피아노 가이즈"
신규 등록,THE UNI+,"THE UNI+,더 유닛,THE UNIT,더 유닛"
신규 등록,The Vamps,"The Vamps,벰프스,뱀프스,더 뱀프스"
신규 등록,The Walters,"The Walters,더 월터스"
신규 등록,Tiësto,"Tiësto,타애스토,티에스토,티에스토"
신규 등록,TO1,"TO1,티오원"
신규 등록,Tori Kelly,"Tori Kelly,토리 캘리,토리 켈리"
신규 등록,twocolors,"twocolors,투컬러스"
신규 등록,Valley,"Valley,밸리,벨리"
신규 등록,VAV,"브이에이브이,브이에이브이"
신규 등록,V-Hawk,"V-Hawk,VHawk,브이호크"
신규 등록,Víkingur Ólafsson,"Víkingur Ólafsson,비킹구르 올라프손"
신규 등록,Webley,"Webley,웨블리"
신규 등록,Westlife,"Westlife,웨스트라이프"
신규 등록,Weston Estate,"Weston Estate,웨스턴 에스테이트"
신규 등록,WH3N,"WH3N,웬"
신규 등록,woo!ah!,"woo!ah!,우아"
신규 등록,Woodie Gochild,"Woodie Gochild,우디 고차일드"
신규 등록,YB,"YB,윤도현밴드,와이비"
신규 등록,YELO,"YELO,옐로"
신규 등록,YENA,"YENA,예나"
신규 등록,YUSU,"YUSU,유수"
신규 등록,Zak Abel,"Zak Abel,잭 아벨,잭 아밸,젝 아벨"
신규 등록,Zayvo,"Zayvo,제이보,재이보"
신규 등록,ZENE THE ZILLA,"ZENE THE ZILLA,제네 더 질라"
