tiktok,tiktok
트와이스,트와이스
레드벨벳,레드벨벳
itzy,itzy
있지,있지
아이린,아이린
슬기,슬기
박진영,박진영
여행링,여행링
v컬러링,v컬러링
2pm,2pm
got7,got7
갓세븐,갓세븐
명소,명소
여행,여행
blackpink,blackpink
psy,psy
싸이,싸이
유산슬,유산슬
제니,제니
jennie,jennie
이하이,이하이
akmu,akmu
악동뮤지션,악동뮤지션
전소미,전소미
ikon,ikon
트레저,트레저
랄라스윗,랄라스윗
lalasweet,lalasweet
서교동의,서교동의
마인드유,마인드유
폴킴,폴킴
솔라,솔라
마마무,마마무
케이시,케이시
kassy,kassy
맥대디,맥대디
mckdaddy,mckdaddy
모모랜드,모모랜드
momoland,momoland
혜이니,혜이니
heyne,heyne
캔도,캔도
cando,cando
윤건,윤건
퍼플엘피,퍼플엘피
lp,lp
하은요셉,하은요셉
김범수,김범수
전지윤,전지윤
jenyer,jenyer
제이잭스,제이잭스
jjax,jjax
day6,day6
데이식스,데이식스
kids,kids
스트레이,스트레이
키즈,키즈
싹쓰리,싹쓰리
유두래곤,유두래곤
린다g,린다g
비룡,비룡
지코,지코
zico,zico
아이유,아이유
iu,iu
둘째이모,둘째이모
김다비,김다비
uv,uv
mamamoo,mamamoo
화사,화사
hwa,hwa
담예,담예
damye,damye
에릭남,에릭남
exo,exo
apink,apink
에이핑크,에이핑크
선미,선미
에이프릴,에이프릴
april,april
nct,nct
superm,superm
유노윤호,유노윤호
태연,태연
taeyeon,taeyeon
태민,태민
taemin,taemin
백현,백현
baekhyun,baekhyun
제시,제시
jessi,jessi
여자,여자
아이들,아이들
방탄소년단,방탄소년단
뽀로로,뽀로로
볼빨간사춘기,볼빨간사춘기
이정은,이정은
펀치,펀치
임영웅,임영웅
김희재,김희재
조정석,조정석
전미도,전미도
조이,조이
미도와,미도와
파라솔,파라솔
휘인,휘인
곽진언,곽진언
세훈,세훈
찬열,찬열
호피폴라,호피폴라
펭수,펭수
죠지,죠지
다희,다희
dahee,dahee
onlyoneof,onlyoneof
온리원오브,온리원오브
ateez,ateez
에이티즈,에이티즈
김재환,김재환
김아름,김아름
dongkiz,dongkiz
소향,소향
드림캐쳐,드림캐쳐
조우찬,조우찬
치타,치타
몽니,몽니
monni,monni
thama,thama
따마,따마
마크툽,마크툽
maktub,maktub
이라온,이라온
규현,규현
kyuhyun,kyuhyun
온앤오프,온앤오프
onf,onf
식케이,식케이
sik,sik
ph,ph
박재범,박재범
김하온,김하온
haon,haon
zene,zene
zilla,zilla
챈슬러,챈슬러
윤하,윤하
장범준,장범준
스탠딩,스탠딩
에그,에그
청하,청하
백예린,백예린
주진우,주진우
joo,joo
jin,jin
iz,iz
아이즈원,아이즈원
세러데이,세러데이
saturday,saturday
홍진영,홍진영
이찬원,이찬원
영탁,영탁
goosebumps,goosebumps
구스범스,구스범스
원호,원호
wonho,wonho
clc,clc
핑크퐁,핑크퐁
러블리즈,러블리즈
이은상,이은상
허각,허각
카드,카드
kard,kard
jvcki,jvcki
wai,wai
쿠기,쿠기
팔로알토,팔로알토
quiett,quiett
오마이걸,오마이걸
김요한,김요한
cravity,cravity
원어스,원어스
oneus,oneus
픽보이,픽보이
peakboy,peakboy
세정,세정
브레이브걸스,브레이브걸스
강태관,강태관
멜로망스,멜로망스
천명훈,천명훈
lyn,lyn
체리블렛,체리블렛
여자친구,여자친구
gfriend,gfriend
원더나인,원더나인
1the9,1the9
1team,1team
원팀,원팀
로켓펀치,로켓펀치
김남주,김남주
틴탑,틴탑
제국의아이들,제국의아이들
ze,ze
간미연,간미연
카라,카라
kara,kara
구구단,구구단
투모로우바이투게더,투모로우바이투게더
정동원,정동원
세븐틴,세븐틴
백지영,백지영
sf9,sf9
everglow,everglow
에버글로우,에버글로우
소유,소유
soyou,soyou
오렌지캬라멜,오렌지캬라멜
강다니엘,강다니엘
비투비,비투비
chanyeol,chanyeol
장삐쭈,장삐쭈
과나,과나
셀프어쿠스틱,셀프어쿠스틱
옐언니,옐언니
모카밀크,모카밀크
조유리,조유리
시그니처,시그니처
cignature,cignature
더보이즈,더보이즈
boyz,boyz
하동균,하동균
raiden,raiden
김지현,김지현
프로미스나인,프로미스나인
펜타곤,펜타곤
윤종신,윤종신
문빈,문빈
산하,산하
astro,astro
김사월,김사월
핫펠트,핫펠트
tfelt,tfelt
신용재,신용재
2f,2f
chen,chen
승관,승관
먹부링,먹부링
카트라이더,카트라이더
헤이즈,헤이즈
heize,heize
배진영,배진영
원위,원위
onewe,onewe
한결,한결
도현,도현
류수정,류수정
정동하,정동하
나나,나나
박성훈,박성훈
보라미유,보라미유
민서,민서
이달의,이달의
소녀,소녀
9와,9와
숫자들,숫자들
유라,유라
youra,youra
시연,시연
드림노트,드림노트
라라,라라
미소,미소
보니,보니
권진아,권진아
이세진,이세진
김성규,김성규
10cm,10cm
김연아,김연아
jeebanoff,jeebanoff
지바노프,지바노프
마미손,마미손
업텐션,업텐션
up10tion,up10tion
브라운티거,브라운티거
저스틴,저스틴
justin,justin
fil,fil
그레이,그레이
서지오,서지오
넉살,넉살
위아이,위아이
wei,wei
우주소녀,우주소녀
쪼꼬미,쪼꼬미
골든차일드,골든차일드
김종완,김종완
nell,nell
위키미키,위키미키
다혜,다혜
로코베리,로코베리
사실은,사실은
김수영,김수영
위클리,위클리
제이레빗,제이레빗
verivery,verivery
weeekly,weeekly
다이나믹,다이나믹
듀오,듀오
선재,선재
넥스트,넥스트
에일리,에일리
ailee,ailee
김우석,김우석
로꼬,로꼬
셔누,셔누
밀키복이탄이,밀키복이탄이
하하하,하하하
소녀의행성,소녀의행성
015b,015b
이수현,이수현
김창완,김창완
이루리,이루리
최정윤,최정윤
xani,xani
산희,산희
디크런치,디크런치
yoon,yoon
황소윤,황소윤
phum,phum
viphurit,viphurit
janet,janet
suhh,suhh
자넷서,자넷서
먼데이,먼데이
monday,monday
kiz,kiz
서사무엘,서사무엘
솔지,솔지
초성퀴즈,초성퀴즈
만족링,만족링
아재퀴즈,아재퀴즈
송지은,송지은
권인하,권인하
데이브레이크,데이브레이크
surl,surl
예빛,예빛
조광일,조광일
다크비,다크비
dkb,dkb
코요태,코요태
p1harmony,p1harmony
피원하모니,피원하모니
hus,hus
허밍어반스테레오,허밍어반스테레오
jbj95,jbj95
drippin,drippin
드리핀,드리핀
victon,victon
빅톤,빅톤
이수영,이수영
스윗소로우,스윗소로우
양다일,양다일
kirin,kirin
기린,기린
정용화,정용화
송민호,송민호
노을,노을
환경부,환경부
몬스타엑스,몬스타엑스
허첵,허첵
어쿠스틱,어쿠스틱
콜라보,콜라보
시크릿넘버,시크릿넘버
감성링,감성링
fpv,fpv
nida,nida
성시경,성시경
이민혁,이민혁
이보람,이보람
dpr,dpr
ian,ian
프라이머리,프라이머리
hynn,hynn
박혜원,박혜원
잔나비,잔나비
오지현,오지현
총몇명,총몇명
박재정,박재정
하현상,하현상
이우,이우
하이디,하이디
준수,준수
xia,xia
라비던스,라비던스
남승민,남승민
엘라스트,엘라스트
이적,이적
stayc,stayc
스테이씨,스테이씨
나띠,나띠
적재,적재
그리,그리
장재인,장재인
이승철,이승철
이승기,이승기
포유,포유
브라운,브라운
아이드,아이드
소울,소울
아스트로,아스트로
쿠잉,쿠잉
서예안,서예안
cnblue,cnblue
씨엔블루,씨엔블루
블링블링,블링블링
bling,bling
woodz,woodz
조승연,조승연
슈퍼주니어,슈퍼주니어
최강창민,최강창민
max,max
changmin,changmin
카더가든,카더가든
레이브릭스,레이브릭스
laybricks,laybricks
헨리,헨리
영기,영기
하유비,하유비
길구봉구,길구봉구
meki,meki
신세경,신세경
노르웨이,노르웨이
남소현,남소현
라쿠나,라쿠나
박지훈,박지훈
유아,유아
bae173,bae173
초아,초아
왁스,왁스
소나무,소나무
sonamoo,sonamoo
유회승,유회승
다빈크,다빈크
davink,davink
김사랑,김사랑
창모,창모
changmo,changmo
cheeze,cheeze
치즈,치즈
알리,알리
ali,ali
소각소각,소각소각
wh3n,wh3n
aespa,aespa
디에이드,디에이드
지투,지투
g2,g2
김나영,김나영
레이디스,레이디스
코드,코드
두번째달,두번째달
소란,소란
soran,soran
수란,수란
suran,suran
svng,svng
우아,우아
임한별,임한별
b1a4,b1a4
서은광,서은광
이창섭,이창섭
남진,남진
윤수현,윤수현
임현식,임현식
육성재,육성재
김원주,김원주
미연,미연
박상철,박상철
소유미,소유미
퍼플키스,퍼플키스
혼담,혼담
hondam,hondam
sogumm,sogumm
설운도,설운도
r3hab,r3hab
김중연,김중연
은종,은종
박구윤,박구윤
스텔라장,스텔라장
jang,jang
유키카,유키카
사비나앤드론즈,사비나앤드론즈
안예은,안예은
김현철,김현철
enhypen,enhypen
pentatonix,pentatonix
mariah,mariah
carey,carey
robbie,robbie
williams,williams
peder,peder
elias,elias
clarkson,clarkson
meghan,meghan
trainor,trainor
chris,chris
michele,michele
lil,lil
nas,nas
john,john
sasha,sasha
jonas,jonas
kaufmann,kaufmann
sia,sia
michael,michael
buble,buble
coldplay,coldplay
idina,idina
menzel,menzel
parton,parton
sabrina,sabrina
claudio,claudio
라포엠,라포엠
연애혁명,연애혁명
정세운,정세운
백아연,백아연
박군,박군
조혜련,조혜련
miso,miso
양수경,양수경
조정민,조정민
노지훈,노지훈
요요미,요요미
자자,자자
zaza,zaza
kcm,kcm
k2,k2
김성면,김성면
나태주,나태주
시적화자,시적화자
ab6ix,ab6ix
에이비식스,에이비식스
카이,카이
보아,보아
나훈아,나훈아
비비,비비
정승환,정승환
한동근,한동근
듀자매,듀자매
티곰,티곰
김쏘야,김쏘야
큰지,큰지
kn,kn
ji,ji
임은빈,임은빈
하비,하비
최성용,최성용
준케이,준케이
jun,jun
니엘,니엘
niel,niel
유빈,유빈
박우진,박우진
citynoise,citynoise
윤여규,윤여규
주식,주식
joosiq,joosiq
윤새,윤새
yunsae,yunsae
위아더나잇,위아더나잇
도재경,도재경
보라,보라
bgh4,bgh4
동물음악대,동물음악대
록단장,록단장
소울곰,소울곰
고막여우,고막여우
김윤희,김윤희
엔플라잉,엔플라잉
브로콜리너마저,브로콜리너마저
진하,진하
jinha,jinha
에피톤,에피톤
프로젝트,프로젝트
영컷,영컷
심규선,심규선
lucia,lucia
빈첸,빈첸
오반,오반
ovan,ovan
임수,임수
김호중,김호중
유주,유주
장현승,장현승
동경,동경
憧憬,憧憬
프레셔스,프레셔스
은비,은비
지효,지효
이수,이수
wavycake,wavycake
ovus,ovus
하하,하하
doko,doko
도코,도코
선우정아,선우정아
토이,토이
샘김,샘김
정재형,정재형
루시드폴,루시드폴
성휘,성휘
bdc,bdc
반하나,반하나
jawsh,jawsh
jason,jason
derülo,derülo
christopher,christopher
farruko,farruko
tones,tones
hoody,hoody
후디,후디
브론즈,브론즈
kriz,kriz
benzamin,benzamin
엄정화,엄정화
hyuk,hyuk
원슈타인,원슈타인
니브,니브
nive,nive
chainsmokers,chainsmokers
ja,ja
mezz,mezz
euroko,euroko
유로코피자,유로코피자
kenzie,kenzie
aries,aries
roddy,roddy
ricch,ricch
lizzo,lizzo
honne,honne
나얼,나얼
ed,ed
sheeran,sheeran
이해인,이해인
에비츄,에비츄
군꼬와,군꼬와
군바미,군바미
garrix,garrix
macklemore,macklemore
doja,doja
styles,styles
나플라,나플라
nafla,nafla
루피,루피
블루,블루
bloo,bloo
기리보이,기리보이
jamie,jamie
제이미,제이미
pharrell,pharrell
oceanfromtheblue,oceanfromtheblue
피오,피오
라비,라비
ravi,ravi
88rising,88rising
brian,brian
박정민,박정민
dua,dua
cix,cix
씨아이엑스,씨아이엑스
뭘봐,뭘봐
시바,시바
이브,이브
전웅,전웅
김동현,김동현
이대휘,이대휘
임영민,임영민
katie,katie
윤도,윤도
yoondo,yoondo
nild,nild
닐드,닐드
exid,exid
전상근,전상근
김종진,김종진
봄여름가을겨울,봄여름가을겨울
bewhy,bewhy
비와이,비와이
msftz,msftz
prettymuch,prettymuch
stormzy,stormzy
scott,scott
charlie,charlie
puth,puth
공원소녀,공원소녀
girls,girls
블락비,블락비
바스타즈,바스타즈
박문치,박문치
김필,김필
리얼걸,리얼걸
산들,산들
kei,kei
주헌,주헌
듀에토,듀에토
duetto,duetto
손태진,손태진
eldredge,eldredge
유세윤,유세윤
송소희,송소희
anne,anne
marie,marie
greyson,greyson
3ye,3ye
써드아이,써드아이
에이스,에이스
송이한,송이한
audrey,audrey
nuna,nuna
19xx,19xx
aj,aj
mitchell,mitchell
camila,camila
cabello,cabello
마이노스,마이노스
minos,minos
디아크,디아크
beyoncé,beyoncé
au,au
tomine,tomine
harket,harket
somajo,somajo
비밀리프렌즈,비밀리프렌즈
french,french
박경,박경
gashi,gashi
kiddo,kiddo
dj,dj
khaled,khaled
mayer,mayer
khalid,khalid
하상욱,하상욱
kesha,kesha
lolo,lolo
zouaï,zouaï
lsd,lsd
diplo,diplo
labrinth,labrinth
kira,kira
puru,puru
kygo,kygo
dragons,dragons
sandro,sandro
cavazza,cavazza
lauren,lauren
sanderson,sanderson
임지수,임지수
윌로우,윌로우
서기,서기
우디,우디
설아,설아
박필규,박필규
normani,normani
nk,nk
coogie,coogie
임세준,임세준
임재현,임재현
rosalía,rosalía
ruel,ruel
sigala,sigala
ella,ella
리제,리제
이지혜,이지혜
eim,eim
sundara,sundara
seconds,seconds
한해,한해
tyler,tyler
umi,umi
seongri,seongri
설호승,설호승
오안,오안
이예린,이예린
vize,vize
12月,12月
성진환,성진환
이구이,이구이
igwi,igwi
청춘도서관,청춘도서관
주이현,주이현
코글플래닛,코글플래닛
장덕철,장덕철
신지민,신지민
박효신,박효신
mcnd,mcnd
남동현,남동현
gavin,gavin
james,james
calvin,calvin
harris,harris
조문근,조문근
하연,하연
colde,colde
콜드,콜드
brothers,brothers
효린,효린
정킬라,정킬라
junkilla,junkilla
케빈오,케빈오
dreamnote,dreamnote
t1419,t1419
ronson,ronson
ozzy,ozzy
osbourne,osbourne
뮤지,뮤지
로카,로카
roca,roca
성리,성리
sokodomo,sokodomo
소피야,소피야
sophiya,sophiya
정인,정인
성해리,성해리
haeri,haeri
이명,이명
vinwoo,vinwoo
sza,sza
timberlake,timberlake
zara,zara
larsson,larsson
박지윤,박지윤
윤계상,윤계상
하지원,하지원
코인클래식,코인클래식
포스트맨,포스트맨
postmen,postmen
플라이,플라이
스카이,스카이
허영생,허영생
후이,후이
장원준,장원준
다운,다운
clinton,clinton
kane,kane
leon,leon
bridges,bridges
sylo,sylo
nozra,nozra
mcrae,mcrae
kid,kid
laroi,laroi
zion,zion
장한별,장한별
이승윤,이승윤
김진웅,김진웅
정홍일,정홍일
천단비,천단비
yun,yun
이무진,이무진
이정권,이정권
소정,소정
다린,다린
꾸꾸까까,꾸꾸까까
건조녀,건조녀
댄싱꼬꼬,댄싱꼬꼬
alexa,alexa
알렉사,알렉사
김수찬,김수찬
피에스타,피에스타
하이포,하이포
high4,high4
윤딴딴,윤딴딴
ragoon,ragoon
forin,forin
포린,포린
정효빈,정효빈
yonyon,yonyon
이오늘,이오늘
하진,하진
hajin,hajin
수잔,수잔
yelo,yelo
옐로,옐로
glowcean,glowcean
이더,이더
범키,범키
신비,신비
에픽하이,에픽하이
허니지,허니지
베리굿,베리굿
cannons,cannons
jp,jp
saxe,saxe
maren,maren
nao,nao
zayn,zayn
kings,kings
베이지,베이지
jc,jc
stewart,stewart
marteen,marteen
핑크판타지,핑크판타지
체리비,체리비
하성운,하성운
meego,meego
디어,디어
클라우드,클라우드
유리상자,유리상자
김예지,김예지
라바,라바
케이윌,케이윌
제이세라,제이세라
cera,cera
요조,요조
유제이,유제이
수지,수지
ksi,ksi
animals,animals
joshua,joshua
bassett,bassett
stephanie,stephanie
poetri,poetri
최예근,최예근
유준상,유준상
이준화,이준화
isaac,isaac
dunbar,dunbar
raissa,raissa
mika,mika
healy,healy
ac,ac
dc,dc
yerin,yerin
baek,baek
정기고,정기고
임시완,임시완
현아,현아
승희,승희
효정,효정
김완선,김완선
여은,여은
박강수,박강수
소희,소희
빨간의자,빨간의자
한올,한올
소연,소연
인교진,인교진
이세준,이세준
바다,바다
bada,bada
남영주,남영주
진민호,진민호
오드아이써클,오드아이써클
박명수,박명수
정태호,정태호
유지니,유지니
유지,유지
미교,미교
조남지대,조남지대
조세호,조세호
남창희,남창희
유성은,유성은
수상한,수상한
커튼,커튼
이동은,이동은
라이어밴드,라이어밴드
써니힐,써니힐
울랄라세션,울랄라세션
나무,나무
namoo,namoo
장윤정,장윤정
yyxy,yyxy
오왠,오왠
엠씨더맥스,엠씨더맥스
아트링,아트링
데일리,데일리
꿈의,꿈의
공간,공간
봄풍경,봄풍경
장성규,장성규
이영지,이영지
24kgoldn,24kgoldn
ellie,ellie
goulding,goulding
tom,tom
grennan,grennan
dennis,dennis
lloyd,lloyd
madison,madison
송하예,송하예
이윤오,이윤오
가호,가호
gaho,gaho
천우희,천우희
안재홍,안재홍
차은우,차은우
문사운드,문사운드
다정,다정
wanna,wanna
워너원,워너원
산이,산이
경리,경리
최낙타,최낙타
홍대광,홍대광
cao,cao
lu,lu
키썸,키썸
kisum,kisum
예린,예린
베이빌론,베이빌론
babylon,babylon
개코,개코
주우빈,주우빈
윤태화,윤태화
김경훈,김경훈
선하,선하
dimitri,dimitri
vegas,vegas
우주비행사의,우주비행사의
휴가,휴가
최정원,최정원
chromance,chromance
새소년,새소년
maluma,maluma
weeknd,weeknd
홍이삭,홍이삭
lofi,lofi
homezone,homezone
기현,기현
수안,수안
장필순,장필순
시우민,시우민
xiumin,xiumin
아리둥절,아리둥절
kylie,kylie
카일리,카일리
어반자카파,어반자카파
정키,정키
jung,jung
찬현,찬현
조수미,조수미
정준일,정준일
faouzia,faouzia
제이유나,제이유나
una,una
김남수,김남수
김대준,김대준
트랜스픽션,트랜스픽션
조재원,조재원
피식대학,피식대학
문별,문별
ritt,ritt
momney,momney
박진영pd,박진영pd
미생,미생
bazzi,bazzi
adoy,adoy
동물,동물
아바타,아바타
stars,stars
jeiff,jeiff
영도,영도
신유,신유
차소연,차소연
러비,러비
홍주현,홍주현
쿤스트,쿤스트
kunst,kunst
jackson,jackson
wrld,wrld
이혁,이혁
지아,지아
zia,zia
다비치,다비치
sounds,sounds
claire,claire
rosinkranz,rosinkranz
isák,isák
kays,kays
쿤타,쿤타
koonta,koonta
함유주,함유주
gatie,gatie
milli,milli
스윙스,스윙스
코코몽,코코몽
mbc,mbc
무한도전,무한도전
버스커,버스커
zedd,zedd
thompson,thompson
잭슨,잭슨
julia,julia
michaels,michaels
quinn,quinn
xcii,xcii
gemini,gemini
제미나이,제미나이
sondia,sondia
galantis,galantis
jieon,jieon
suzy,suzy
모트,모트
청명,청명
원티드,원티드
김뮤지엄,김뮤지엄
kimmuseum,kimmuseum
제아,제아
chimmi,chimmi
취미,취미
최현준,최현준
신지훈,신지훈
로이킴,로이킴
seori,seori
은희영,은희영
dosii,dosii
도시,도시
진주,진주
ju,ju
m1nu,m1nu
아미르,아미르
apoki,apoki
seomingyu,seomingyu
서민규,서민규
정길,정길
반니,반니
meenoi,meenoi
미노이,미노이
민수,민수
peas,peas
shakira,shakira
정은지,정은지
서인국,서인국
이다희,이다희
pl,pl
피엘,피엘
sarah,sarah
barrios,barrios
윌콕스,윌콕스
mabel,mabel
raye,raye
ato6,ato6
앤츠,앤츠
ants,ants
이츠,이츠
픽시,픽시
이경환,이경환
오다온,오다온
ohda5n,ohda5n
bassy,bassy
런치,런치
pinn,pinn
지소울,지소울
gsoul,gsoul
양희은,양희은
김창기,김창기
다영,다영
소민,소민
제제,제제
서울라이트,서울라이트
fousheé,fousheé
tjay,tjay
6lack,6lack
powfu,powfu
johnny,johnny
stimson,stimson
경서,경서
로즈,로즈
zayvo,zayvo
제이보,제이보
이해리,이해리
빨간내복야코,빨간내복야코
서동현,서동현
신기남,신기남
엘리스,엘리스
elris,elris
예리,예리
yeri,yeri
어드밴스드,어드밴스드
정현,정현
jeonghyeon,jeonghyeon
imlay,imlay
샤이니,샤이니
shinee,shinee
릴보이,릴보이
lilboi,lilboi
paloalto,paloalto
khundi,khundi
sumin,sumin
수민,수민
이형은,이형은
성훈,성훈
이민영,이민영
olnl,olnl
오르내림,오르내림
휘현,휘현
이른,이른
rn,rn
트리탑스,트리탑스
tritops,tritops
쏘대장,쏘대장
sso,sso
mc몽,mc몽
백주,백주
레이나,레이나
raina,raina
용용,용용
yongyong,yongyong
woovely,woovely
우블리,우블리
아스터,아스터
haechi,haechi
demian,demian
fischer,fischer
소야,소야
딘딘,딘딘
wallows,wallows
mahalia,mahalia
양요섭,양요섭
뚜라미,뚜라미
turami,turami
richards,richards
페이스,페이스
리차즈,리차즈
그레이시,그레이시
reyish,reyish
장민호,장민호
이승환,이승환
rxseboy,rxseboy
ajr,ajr
yey,yey
안병웅,안병웅
아울러,아울러
aboutu,aboutu
joon,joon
죠소울,죠소울
수연이,수연이
lovato,lovato
이바다,이바다
김아현,김아현
액티비티링,액티비티링
집순이,집순이
majors,majors
태비,태비
taeb2,taeb2
아이즈,아이즈
임창정,임창정
최은우,최은우
taessl,taessl
윤지성,윤지성
재령,재령
순주,순주
성국,성국
뉴이스트,뉴이스트
로시,로시
rothy,rothy
김진호,김진호
marshmello,marshmello
imanbek,imanbek
버즈,버즈
람다람,람다람
지동국,지동국
그루비룸,그루비룸
groovyroom,groovyroom
나인뮤지스,나인뮤지스
bruno,bruno
mars,mars
anderson,anderson
paak,paak
레인보우,레인보우
bryson,bryson
라피나,라피나
캐비,캐비
스타라이트,스타라이트
남우현,남우현
로제,로제
rosé,rosé
은가은,은가은
김다현,김다현
양지은,양지은
홍지윤,홍지윤
김의영,김의영
chloe,chloe
halle,halle
김태연,김태연
jax,jax
지젤,지젤
jiselle,jiselle
mills,mills
kisnue,kisnue
키스누,키스누
별사랑,별사랑
ximon,ximon
jule,jule
황인선,황인선
신인선,신인선
미스터싱싱,미스터싱싱
은정,은정
eunjung,eunjung
베이식,베이식
basick,basick
kaytranada,kaytranada
uchis,uchis
strokes,strokes
싸이퍼,싸이퍼
ciipher,ciipher
sakazan,sakazan
옥상달빛,옥상달빛
그리즐리,그리즐리
민현,민현
3scape,3scape
1il,1il
변혜빈,변혜빈
신예영,신예영
마이스트,마이스트
최종원,최종원
guaynaa,guaynaa
김제훈,김제훈
오드캣,오드캣
일레인,일레인
포춘쿠키,포춘쿠키
miley,miley
오혁,오혁
미래소년,미래소년
mirae,mirae
소녀온탑,소녀온탑
국민의,국민의
아들,아들
변진섭,변진섭
scotts,scotts
cudi,cudi
noah,noah
전우성,전우성
bahari,bahari
tayo,tayo
cameron,cameron
alexander,alexander
갓츄,갓츄
슬레이트,슬레이트
아이오아이,아이오아이
nuka,nuka
sooa,sooa
수아트,수아트
비아이,비아이
박민주,박민주
구현,구현
자이로,자이로
zai,zai
ro,ro
도파민,도파민
dopamine,dopamine
jimmie,jimmie
allen,allen
gromee,gromee
송가인,송가인
hiir,hiir
히어,히어
koyo,koyo
코요,코요
yung,yung
맥켈리,맥켈리
암호,암호
amho,amho
드래곤디,드래곤디
이진재,이진재
기억,기억
조작단,조작단
프로듀스,프로듀스
김민석,김민석
y2k,y2k
bbno,bbno
samuel,samuel
seo,seo
스페이스카우보이,스페이스카우보이
spacecowboy,spacecowboy
이효민,이효민
하은,하은
nyou,nyou
레프,레프
야드,야드
힙스터링,힙스터링
아이덴티티링,아이덴티티링
러브포션,러브포션
맴맴,맴맴
김지구,김지구
월하소년,월하소년
summerwish,summerwish
크레파스,크레파스
megan,megan
charlotte,charlotte
lawrence,lawrence
준호,준호
seodo,seodo
lambc,lambc
램씨,램씨
나영,나영
정경천,정경천
정차르트,정차르트
홍크,홍크
아리랑은,아리랑은
고양이들,고양이들
saweetie,saweetie
약속,약속
sixc,sixc
양시영,양시영
이상원,이상원
ntx,ntx
엔티엑스,엔티엑스
포이트리,포이트리
영준,영준
이예준,이예준
exn,exn
새벽한시,새벽한시
비타민,비타민
bebe,bebe
rexha,rexha
ofa,ofa
rhee,rhee
프루던스,프루던스
sunday,sunday
아리엘,아리엘
ari,ari
체크메이트,체크메이트
서지음,서지음
나단,나단
이소원,이소원
이도진,이도진
harrianne,harrianne
해리앤,해리앤
옹성우,옹성우
빈센트블루,빈센트블루
김세정,김세정
강승윤,강승윤
손호영,손호영
고상지,고상지
꼴라,꼴라
ccola,ccola
sg워너비,sg워너비
giveon,giveon
박봄,박봄
루디밀러,루디밀러
ruddie,ruddie
jeremy,jeremy
zucker,zucker
ayokay,ayokay
심플라이프,심플라이프
347aidan,347aidan
daya,daya
유지희,유지희
별은,별은
플루디,플루디
백지웅,백지웅
ripley,ripley
리플리,리플리
셀럽파이브,셀럽파이브
jj,jj
페노메코,페노메코
penomeco,penomeco
신촌타이거,신촌타이거
황치열,황치열
wrek,wrek
강타,강타
kangta,kangta
김지석,김지석
2z,2z
투지,투지
모티,모티
moti,moti
아웃사이더,아웃사이더
고유진,고유진
장예진,장예진
seshin,seshin
최하늘,최하늘
withus,withus
제주러뷰챌린지,제주러뷰챌린지
웬디,웬디
wendy,wendy
이진혁,이진혁
경서예지,경서예지
하웅,하웅
hawoong,hawoong
cosmo,cosmo
christian,christian
dominic,dominic
sein,sein
정엽,정엽
미란이,미란이
mirani,mirani
지플랫,지플랫
시그널,시그널
유민,유민
이정호,이정호
onerepublic,onerepublic
lennon,lennon
유승우,유승우
박원,박원
비에이일칠삼,비에이일칠삼
속삭이는,속삭이는
몽자,몽자
제이와나,제이와나
필름아일랜드,필름아일랜드
reiley,reiley
형태,형태
하나금융그룹,하나금융그룹
비오,비오
김미정,김미정
yourbeagle,yourbeagle
도도,도도
지세희,지세희
문수진,문수진
sujin,sujin
21학번,21학번
eddie,eddie
kathryn,kathryn
stott,stott
디에잇,디에잇
취미생활,취미생활
이소라,이소라
황인욱,황인욱
lauv,lauv
troye,troye
sivan,sivan
마틴스미스,마틴스미스
은하,은하
더블v,더블v
송은이,송은이
김숙,김숙
유노이아,유노이아
이진우,이진우
배치기,배치기
노라조,노라조
dvwn,dvwn
포맨,포맨
h3re,h3re
이다래,이다래
모브닝,모브닝
환불원정대,환불원정대
아이디,아이디
eyedi,eyedi
애슐리,애슐리
ashley,ashley
루나솔라,루나솔라
lunarsolar,lunarsolar
민아,민아
앤씨아,앤씨아
라붐,라붐
laboum,laboum
자우림,자우림
짙은,짙은
스무살,스무살
헬로비너스,헬로비너스
hellovenus,hellovenus
제이플라,제이플라
fla,fla
티아라,티아라
다이아,다이아
dia,dia
윤상,윤상
이승우,이승우
소울스타,소울스타
우주,우주
이석훈,이석훈
conan,conan
가인,가인
michelle,michelle
shaprow,shaprow
nieah,nieah
니아,니아
키비,키비
kebee,kebee
전건호,전건호
거미,거미
윙크,윙크
국카스텐,국카스텐
세오,세오
intec,intec
인택,인택
멋진녀석들,멋진녀석들
greatguys,greatguys
류지광,류지광
장혜진,장혜진
윤민수,윤민수
바이브,바이브
안녕하신가영,안녕하신가영
원필,원필
니안,니안
niahn,niahn
오마르와,오마르와
동방전력,동방전력
omar,omar
나하은,나하은
수비,수비
soovi,soovi
지창욱,지창욱
jessica,jessica
제시카,제시카
김경남,김경남
yunggi,yunggi
윤끼,윤끼
천재견,천재견
사월이,사월이
빅베트,빅베트
bigbet,bigbet
정해일,정해일
이은미,이은미
rosie,rosie
최준혁,최준혁
시어스랩,시어스랩
투앤비,투앤비
2nb,2nb
이기찬,이기찬
위아더원,위아더원
코드네임,코드네임
izi,izi
애즈원,애즈원
클래지콰이,클래지콰이
김광민,김광민
프리스타일,프리스타일
호림,호림
하헌진,하헌진
현성,현성
yuna,yuna
강지민,강지민
정튠,정튠
jungtune,jungtune
와인루프,와인루프
임서원,임서원
양혁,양혁
알레그로,알레그로
거북이,거북이
손담비,손담비
이안,이안
애프터,애프터
스쿨,스쿨
유나킴,유나킴
전민주,전민주
딕펑스,딕펑스
장우영,장우영
박정현,박정현
닐로,닐로
nilo,nilo
서성혁,서성혁
지안,지안
크레용팝,크레용팝
웨이,웨이
기희현,기희현
최유정,최유정
한이재,한이재
김필선,김필선
핫이슈,핫이슈
파파야,파파야
김진표,김진표
전영록,전영록
최성수,최성수
이정석,이정석
동갑내기,동갑내기
조정현,조정현
조이현,조이현
리듬파워,리듬파워
예지,예지
김윤아,김윤아
ruiz,ruiz
ok,ok
크나큰,크나큰
스누퍼,스누퍼
snuper,snuper
nov,nov
노브,노브
nathan,nathan
dawe,dawe
mostack,mostack
홍자,홍자
수현,수현
사거리,사거리
그오빠,그오빠
하트하트오케스트라,하트하트오케스트라
박인영,박인영
옌자민,옌자민
아이반,아이반
aivan,aivan
이이언,이이언
eaeon,eaeon
하이라이트,하이라이트
bluewoods,bluewoods
블루우즈,블루우즈
vav,vav
우연수,우연수
터보,터보
클래스메이트,클래스메이트
아이엠,아이엠
형원,형원
민혁,민혁
bobae,bobae
여유와,여유와
설빈,설빈
이비채,이비채
테이,테이
헤르쯔,헤르쯔
아날로그,아날로그
herz,herz
analog,analog
토니안,토니안
스웨덴세탁소,스웨덴세탁소
브리즈,브리즈
초영,초영
choyoung,choyoung
뮤즈그레인,뮤즈그레인
muzgrain,muzgrain
신민철,신민철
aalia,aalia
알리아,알리아
슈가볼,슈가볼
이성경,이성경
페이퍼스,페이퍼스
미료,미료
유호석,유호석
evan,evan
에반,에반
문지은,문지은
elyotto,elyotto
손효규,손효규
리쌍,리쌍
서울다반사,서울다반사
어쿠루브,어쿠루브
박기영,박기영
버벌진트,버벌진트
jint,jint
크루셜스타,크루셜스타
윤산하,윤산하
찬미,찬미
garneau,garneau
musm,musm
최태준,최태준
필통,필통
이효정,이효정
heyrin,heyrin
헤이린,헤이린
조섭,조섭
정유진,정유진
김태우,김태우
박혜경,박혜경
더원,더원
10시,10시
45분,45분
uni,uni
서영은,서영은
수라,수라
shaun,shaun
정민,정민
서문탁,서문탁
홍지수,홍지수
zisu,zisu
리차드파커스,리차드파커스
keembo,keembo
세현,세현
보레스트,보레스트
borest,borest
노틸러스,노틸러스
다큐로그,다큐로그
수묵화,수묵화
성현의,성현의
말씀,말씀
바닐라,바닐라
우혜미,우혜미
타루,타루
mc,mc
디제이티즈,디제이티즈
tiz,tiz
아는형님,아는형님
김유주,김유주
인지혜,인지혜
커피소년,커피소년
하림,하림
바버렛츠,바버렛츠
barberettes,barberettes
매드,매드
클라운,클라운
메이다니,메이다니
maydoni,maydoni
윤현상,윤현상
블리처스,블리처스
blitzers,blitzers
ourr,ourr
아월,아월
블랙,블랙
wjsn,wjsn
릴체리,릴체리
우기,우기
박세은,박세은
정빈,정빈
스나이퍼,스나이퍼
민경훈,민경훈
심현보,심현보
헤일리,헤일리
hailey,hailey
양준일,양준일
eze,eze
박막례할머니,박막례할머니
유니버시티,유니버시티
이민규,이민규
김준휘,김준휘
마독스,마독스
maddox,maddox
정모,정모
jungmo,jungmo
예은,예은
사이,사이
키네틱플로우,키네틱플로우
원써겐,원써겐
1sagain,1sagain
비스윗,비스윗
besweet,besweet
김호연,김호연
eb,eb
달수빈,달수빈
윤비,윤비
yunb,yunb
히읗,히읗
한국연예제작자협회,한국연예제작자협회
강하루,강하루
노태현,노태현
김나희,김나희
김그림,김그림
챙스타,챙스타
changstarr,changstarr
려욱,려욱
ryeowook,ryeowook
민성,민성
prsnt,prsnt
프레젠트,프레젠트
형돈이와,형돈이와
대준이,대준이
kb,kb
신지,신지
김마리,김마리
임정희,임정희
프리티브라운,프리티브라운
to1,to1
티오원,티오원
정다경,정다경
숙행,숙행
김소유,김소유
정미애,정미애
태우,태우
taewoo,taewoo
라날로그,라날로그
lanalogue,lanalogue
nia,nia
순순희,순순희
홀라당,홀라당
lulupop,lulupop
룰루팝,룰루팝
키스타,키스타
kissta,kissta
변민석,변민석
후디니,후디니
houdini,houdini
tyla,tyla
alicia,alicia
keys,keys
비아스,비아스
vias,vias
licens,licens
청담동,청담동
8비트,8비트
lukas,lukas
수빈,수빈
태호,태호
숙희,숙희
독립,독립
만18세,만18세
원우,원우
민규,민규
김영흠,김영흠
하늘,하늘
오웰무드,오웰무드
owell,owell
진영,진영
mobull,mobull
로즈아나,로즈아나
rosanna,rosanna
와일라잇,와일라잇
whilelight,whilelight
유해준,유해준
파파금파,파파금파
khakii,khakii
카키,카키
otis,otis
라미란,라미란
고영배,고영배
jessie,jessie
murph,murph
bleachers,bleachers
sk텔레콤,sk텔레콤
오픈,오픈
luka,luka
미니마니,미니마니
minimani,minimani
워나,워나
차가을,차가을
장새벽,장새벽
박현빈,박현빈
junny,junny
ghost9,ghost9
고스트나인,고스트나인
슈퍼맨이돌아왔다,슈퍼맨이돌아왔다
이상순,이상순
4men,4men
미술관,미술관
뽀빠이,뽀빠이
김한결,김한결
베이비블루,베이비블루
송상은,송상은
임재범,임재범
츄팝,츄팝
epex,epex
이펙스,이펙스
준희,준희
케이타이거즈제로,케이타이거즈제로
우진영,우진영
호야,호야
hoya,hoya
bm,bm
레떼아모르,레떼아모르
에디킴,에디킴
vake,vake
watts,watts
half·alive,half·alive
rogers,rogers
lightsum,lightsum
bvndit,bvndit
밴디트,밴디트
angelina,angelina
danilova,danilova
네이처,네이처
유겸,유겸
yugyeom,yugyeom
1등,1등
래퍼,래퍼
ikkl,ikkl
이끌림,이끌림
24k,24k
투포케이,투포케이
박상민,박상민
홍은기,홍은기
eunki,eunki
로즈마일,로즈마일
림지,림지
limji,limji
강유미,강유미
del,del
델모,델모
캐리,캐리
클래디,클래디
정인성,정인성
윤채경,윤채경
트라이비,트라이비
bieber,bieber
포레스텔라,포레스텔라
forestella,forestella
olivia,olivia
rodrigo,rodrigo
다비쳐,다비쳐
리본,리본
revorn,revorn
뱀뱀,뱀뱀
bambam,bambam
ariana,ariana
grande,grande
billie,billie
eilish,eilish
naomi,naomi
shawn,shawn
mendes,mendes
gaga,gaga
danna,danna
paola,paola
salem,salem
ilese,ilese
gracie,gracie
abrams,abrams
jonathan,jonathan
selena,selena
gomez,gomez
becky,becky
jomie,jomie
odell,odell
ysj,ysj
malone,malone
liam,liam
payne,payne
georgia,georgia
ku,ku
taylor,taylor
finn,finn
benee,benee
골드콜라,골드콜라
goldcola,goldcola
김동률,김동률
소근,소근
다비,다비
davii,davii
유소나,유소나
padi,padi
송민아,송민아
sentizone,sentizone
adam,adam
christina,christina
aguilera,aguilera
zachary,zachary
knowles,knowles
생텍쥐페리,생텍쥐페리
jinnin,jinnin
xydo,xydo
시도,시도
임하람,임하람
허찬미,허찬미
mc민지,mc민지
halsey,halsey
katy,katy
orlando,orlando
hrvy,hrvy
서구름,서구름
ty,ty
dolla,dolla
ign,ign
harlow,harlow
nf,nf
kacey,kacey
musgraves,musgraves
elton,elton
황보출,황보출
김바울,김바울
태인,태인
키디비,키디비
kittib,kittib
시즈닝,시즈닝
나다,나다
nada,nada
윤도현,윤도현
주호,주호
엘라이크,엘라이크
balvin,balvin
tainy,tainy
로민,로민
노브레인,노브레인
정동환,정동환
노트,노트
samm,samm
henshaw,henshaw
이현,이현
규리,규리
아웃렛,아웃렛
이신성,이신성
rascals,rascals
yungblud,yungblud
blackbear,blackbear
kehlani,kehlani
saay,saay
victoria,victoria
monèt,monèt
한승우,한승우
youha,youha
유하,유하
surfaces,surfaces
피스트범프,피스트범프
저스트비,저스트비
ii,ii
미미,미미
비니,비니
disco,disco
장우혁,장우혁
karol,karol
nicki,nicki
minaj,minaj
capaldi,capaldi
keshi,keshi
엘리케이,엘리케이
elli,elli
kamal,kamal
문종업,문종업
킹덤,킹덤
오메가엑스,오메가엑스
유미,유미
김대명,김대명
tiësto,tiësto
tyga,tyga
martini,martini
matoma,matoma
marcin,marcin
재홍,재홍
jveh,jveh
박소연,박소연
타미즈,타미즈
tamiz,tamiz
레디,레디
스월비,스월비
swervy,swervy
bxk,bxk
미스티,미스티
해일,해일
haeil,haeil
gryffin,gryffin
vance,vance
hyunki,hyunki
손예림,손예림
전소연,전소연
이상한,이상한
나라의,나라의
앨리스,앨리스
라니,라니
kohd,kohd
원썬,원썬
디셈버,디셈버
december,december
paloma,paloma
marley,marley
wailers,wailers
carly,carly
rae,rae
jepsen,jepsen
rookies,rookies
years,years
chelsea,chelsea
lok,lok
예빈,예빈
임단우,임단우
디원스,디원스
d1ce,d1ce
걸카인드,걸카인드
kanye,kanye
avicii,avicii
yb,yb
윤도현밴드,윤도현밴드
freddie,freddie
mercury,mercury
jones,jones
이홍기,이홍기
ftisland,ftisland
김우진,김우진
젬스톤,젬스톤
미쓰,미쓰
에이,에이
meduza,meduza
goodboys,goodboys
이준호,이준호
msg워너비,msg워너비
suzanne,suzanne
수젠,수젠
최우식,최우식
vamps,vamps
norah,norah
illenium,illenium
stefflon,stefflon
remi,remi
kiana,kiana
ledé,ledé
사이로,사이로
syd,syd
김광진,김광진
펀치넬로,펀치넬로
punchnello,punchnello
클랑,클랑
klang,klang
공민지,공민지
seoy,seoy
lany,lany
codes,codes
notd,notd
keith,keith
shaed,shaed
snny,snny
jenevieve,jenevieve
wizthemc,wizthemc
solveig,solveig
zidok,zidok
funcity,funcity
펀시티,펀시티
인디고,인디고
씨스타,씨스타
김희철,김희철
이정현,이정현
유피,유피
디바,디바
쥬얼리,쥬얼리
코나,코나
투투,투투
듀스,듀스
deux,deux
브라운아이드걸스,브라운아이드걸스
오송,오송
김효빈,김효빈
epik,epik
한요한,한요한
양홍원,양홍원
osshun,osshun
area21,area21
anson,anson
seabra,seabra
cika,cika
tracee,tracee
ellis,ellis
niall,niall
horan,horan
이짜나언짜나,이짜나언짜나
톰과,톰과
제리,제리
jessia,jessia
싱크로니시티,싱크로니시티
synchronicity,synchronicity
최유리,최유리
jacob,jacob
jens,jens
gwen,gwen
stefani,stefani
우원재,우원재
박화요비,박화요비
김미경,김미경
하이브로,하이브로
유연정,유연정
이선희,이선희
lana,lana
rey,rey
mr,mr
eazi,eazi
tinashe,tinashe
이소,이소
허스키,허스키
huski,huski
반가희,반가희
x1,x1
엑스원,엑스원
mokyo,mokyo
maleek,maleek
rogues,rogues
cyn,cyn
tifa,tifa
시나,시나
migos,migos
benkidish,benkidish
벤키디쉬,벤키디쉬
허클베리,허클베리
오예중,오예중
dindin,dindin
남재,남재
콜드베이,콜드베이
미미시스터즈,미미시스터즈
이지훈,이지훈
김창옥,김창옥
도영,도영
doyoung,doyoung
cuco,cuco
madonna,madonna
dvbbs,dvbbs
twocolors,twocolors
haim,haim
오월,오월
오하영,오하영
신비아파트,신비아파트
박지원,박지원
센티멘탈,센티멘탈
시너리,시너리
김미소,김미소
씨스타19,씨스타19
sheck,sheck
wes,wes
a7s,a7s
밤에,밤에
etham,etham
톰토미,톰토미
tomtomi,tomtomi
virginia,virginia
diablo,diablo
andy,andy
grammer,grammer
드링킹소년소녀합창단,드링킹소년소녀합창단
bigbang,bigbang
김재중,김재중
duncan,duncan
laurence,laurence
sigrid,sigrid
carla,carla
bruni,bruni
송주형,송주형
matsushige,matsushige
yutaka,yutaka
af,af
태양,태양
maisie,maisie
peters,peters
삼점오,삼점오
사우스클럽,사우스클럽
choi,choi
illson,illson
보이비,보이비
sofia,sofia
carson,carson
jawny,jawny
lola,lola
박광선,박광선
reyez,reyez
프리홀리데이,프리홀리데이
pre,pre
대한양궁협회,대한양궁협회
이나우,이나우
원더걸스,원더걸스
sg,sg
daye,daye
앤던키드,앤던키드
andern,andern
ryland,ryland
ncsound,ncsound
경다솜,경다솜
루빈,루빈
jero,jero
노디시카,노디시카
nody,nody
혜인,혜인
임상현,임상현
한림,한림
대도서관,대도서관
김종국,김종국
fl1x,fl1x
플릭스,플릭스
alessia,alessia
cara,cara
luamel,luamel
hauskey,hauskey
anthony,anthony
ramos,ramos
lele,lele
pons,pons
진실,진실
타블로,타블로
aminé,aminé
jhené,jhené
aiko,aiko
박서진,박서진
강동원,강동원
김성균,김성균
신해철,신해철
이시은,이시은
bülow,bülow
banx,banx
ranx,ranx
강인수,강인수
bendr,bendr
loren,loren
westlife,westlife
디오,디오
noovv,noovv
정일송,정일송
lilhuddy,lilhuddy
tori,tori
kungs,kungs
abel,abel
naija,naija
arin,arin
carmen,carmen
deleon,deleon
한동훈밴드,한동훈밴드
악뮤,악뮤
loti,loti
로티,로티
우재,우재
woojae,woojae
타이거jk,타이거jk
eminem,eminem
taek,taek
mai,mai
alesso,alesso
나묭밴드,나묭밴드
국가보훈처,국가보훈처
수인,수인
황태와,황태와
양미리,양미리
zeenan,zeenan
정진환,정진환
uju,uju
leblanc,leblanc
리오,리오
신민아,신민아
internet,internet
인터넷,인터넷
머니,머니
세아,세아
산소탱크,산소탱크
킨다블루,킨다블루
마이크로닷,마이크로닷
microdot,microdot
팝핀현준,팝핀현준
임도혁,임도혁
prc,prc
달리,달리
서도밴드,서도밴드
온유,온유
onew,onew
zelo,zelo
젤로,젤로
yeseo,yeseo
예서,예서
ruya,ruya
루야,루야
조관우,조관우
roy,roy
로이,로이
스카이리,스카이리
skyle,skyle
리지,리지
탑독,탑독
lvrn,lvrn
tw,tw
entoy,entoy
toosii,toosii
kito,kito
vanjess,vanjess
tres,tres
hailee,hailee
steinfeld,steinfeld
jeong,jeong
uk,uk
김정욱,김정욱
김경섭,김경섭
이진이,이진이
싸인,싸인
머쉬베놈,머쉬베놈
mushvenom,mushvenom
라노,라노
가비엔제이,가비엔제이
aoa,aoa
길은지,길은지
retro,retro
레트로,레트로
클래식,클래식
디노,디노
김제형,김제형
부석순,부석순
kris,kris
bren,bren
빽가,빽가
초묘,초묘
超妙,超妙
문세윤,문세윤
표예진,표예진
다솜,다솜
트리플,트리플
세븐,세븐
사이먼,사이먼
도미닉,도미닉
stapleton,stapleton
포르테,포르테
콰트로,콰트로
이루마,이루마
london,london
hisaishi,hisaishi
2face,2face
매드몬스터,매드몬스터
하이엘,하이엘
손민수,손민수
이은지,이은지
댄동,댄동
dandong,dandong
snzae,snzae
빅마마,빅마마
mama,mama
이문세,이문세
인피니트,인피니트
씨야,씨야
된다,된다
뭐든,뭐든
이승인,이승인
webley,webley
웨블리,웨블리
마카마카,마카마카
유연석,유연석
업스타,업스타
태윤,태윤
taeyoon,taeyoon
이지영,이지영
bz,bz
boys,boys
청공소년,청공소년
그래쓰,그래쓰
저스디스,저스디스
justhis,justhis
윤토벤,윤토벤
gd,gd
taeyang,taeyang
jk,jk
정예원,정예원
yewon,yewon
smiley,smiley
debron,debron
세리아드,세리아드
송하림,송하림
박소은,박소은
배기성,배기성
hookuo,hookuo
후쿠오,후쿠오
한승윤,한승윤
2ne1,2ne1
윤미래,윤미래
실리카겔,실리카겔
cus,cus
엔쿠스,엔쿠스
하범석,하범석
페이블,페이블
서현진,서현진
이동휘,이동휘
파뿌리,파뿌리
dakshood,dakshood
닥스후드,닥스후드
리슨,리슨
lyson,lyson
오존,오존
o3ohn,o3ohn
데브시스터즈,데브시스터즈
devsisters,devsisters
충완,충완
효연,효연
hyo,hyo
vaultboy,vaultboy
파시걸스,파시걸스
poshgirls,poshgirls
프라이데이,프라이데이
friday,friday
경선,경선
시티,시티
려원,려원
tungevaag,tungevaag
택연,택연
투빅,투빅
2bic,2bic
조충현,조충현
motip,motip
neulbo,neulbo
에코브릿지,에코브릿지
ecobridge,ecobridge
루미너스,루미너스
소련여자,소련여자
김용키,김용키
ndn,ndn
런던,런던
황우림,황우림
조항조,조항조
공상,공상
사랑,사랑
프리스틴,프리스틴
pristin,pristin
4minute,4minute
토비러쉬,토비러쉬
tobirush,tobirush
히읗은,히읗은
디오스,디오스
dios,dios
피아노맨,피아노맨
bmk,bmk
권정열,권정열
브이호크,브이호크
그리구라,그리구라
부끄뚱,부끄뚱
강승식,강승식
박보람,박보람
권은비,권은비
임태경,임태경
부활,부활
정유미,정유미
이진아,이진아
yegny,yegny
창조,창조
프롬올투휴먼,프롬올투휴먼
커피빅,커피빅
왕해경,왕해경
김바다,김바다
김정민,김정민
김건모,김건모
정경호,정경호
다인,다인
정구한,정구한
파스텔걸스,파스텔걸스
제이시즌,제이시즌
염따,염따
베스티,베스티
bestie,bestie
monovated,monovated
김유나,김유나
공훈,공훈
장정한,장정한
이영현,이영현
시유,시유
전숙경,전숙경
김은아,김은아
홍범기,홍범기
최석필,최석필
이소영,이소영
하성용,하성용
최한,최한
미사리,미사리
레트로봇,레트로봇
황창영,황창영
김도영,김도영
권지애,권지애
김진양,김진양
바비,바비
hans,hans
zimmer,zimmer
angèle,angèle
이용신,이용신
키세스,키세스
kissxs,kissxs
도하,도하
박현서,박현서
에쓰오일,에쓰오일
드시모네,드시모네
모죠,모죠
hemmings,hemmings
beomi,beomi
cielogroove,cielogroove
씨엘로그루브,씨엘로그루브
vixx,vixx
빅스,빅스
eunha,eunha
이이경,이이경
조범진,조범진
이수근,이수근
skrillex,skrillex
toliver,toliver
로아,로아
roa,roa
ahrix,ahrix
steve,steve
aoki,aoki
2lson,2lson
남새라,남새라
씨에스피,씨에스피
csp,csp
일렉트로보이즈,일렉트로보이즈
도리토리,도리토리
밴드,밴드
901dcola,901dcola
한혜진,한혜진
유선호,유선호
커먼,커먼
그라운드,그라운드
함수진,함수진
fx,fx
김예림,김예림
뉴키드,뉴키드
david,david
guetta,guetta
보보,보보
가리,가리
gari,gari
신현희,신현희
신현희와김루트,신현희와김루트
정고래,정고래
박현호,박현호
배성현,배성현
멜로틱,멜로틱
김대건,김대건
신미래,신미래
suhyun,suhyun
트루디,트루디
truedy,truedy
경제환,경제환
배진수,배진수
페리블루,페리블루
윤서령,윤서령
로우패스인더스트리,로우패스인더스트리
lowpassindustry,lowpassindustry
몽라,몽라
shuuu,shuuu
megamax,megamax
메가맥스,메가맥스
ichillin,ichillin
아이칠린,아이칠린
러븐,러븐
luven,luven
김용임,김용임
조성모,조성모
위아영,위아영
조성민,조성민
김형중,김형중
머디레드,머디레드
다원,다원
윤송아,윤송아
태건,태건
픽셀,픽셀
김현우,김현우
eson,eson
뷰티풀,뷰티풀
veautiful,veautiful
biew,biew
노사봉,노사봉
김연자,김연자
정소민,정소민
우수한,우수한
oosu,oosu
뒤공,뒤공
cl,cl
eldon,eldon
upsahl,upsahl
송희란,송희란
jauregui,jauregui
윤지영,윤지영
리사,리사
lisa,lisa
ft아일랜드,ft아일랜드
carreon,carreon
지오디,지오디
리누,리누
이준희,이준희
주영,주영
slom,slom
셀린,셀린
celine,celine
bellinger,bellinger
수퍼비,수퍼비
dk,dk
somdef,somdef
썸데프,썸데프
뷰티박스,뷰티박스
도은,도은
함연지,함연지
우예린,우예린
messa,messa
carys,carys
chillin,chillin
homie,homie
아원,아원
마니또,마니또
rauw,rauw
alejandro,alejandro
소울맨,소울맨
김뜻돌,김뜻돌
현지훈,현지훈
유예리,유예리
도한세,도한세
이동건,이동건
이소정,이소정
오연준,오연준
피노다인,피노다인
pinodyne,pinodyne
도운,도운
프리지본,프리지본
freezybone,freezybone
강승원,강승원
화자,화자
naru,naru
나루,나루
kbo,kbo
박성연,박성연
나웅재,나웅재
naungjae,naungjae
김경록,김경록
진웅,진웅
극한데뷔,극한데뷔
야생돌,야생돌
치스비치,치스비치
하이브,하이브
에듀,에듀
주시크,주시크
악단광칠,악단광칠
도중이,도중이
유레이즈미업,유레이즈미업
방과후,방과후
설렘,설렘
구만,구만
송유진,송유진
오세민,오세민
도란,도란
eazy,eazy
영재,영재
youngjae,youngjae
jhnovr,jhnovr
스탠다드원,스탠다드원
standard1,standard1
서호,서호
오월오일,오월오일
五月五日,五月五日
apro,apro
아프로,아프로
raedio,raedio
ashnikko,ashnikko
루나,루나
밴디지,밴디지
녹색아보카도,녹색아보카도
윌로,윌로
wilro,wilro
pilots,pilots
fighters,fighters
sara,sara
conor,conor
maynard,maynard
신승훈,신승훈
mraz,mraz
조혜선,조혜선
est,est
daul,daul
신유미,신유미
junjo,junjo
준조,준조
김민재,김민재
강소리,강소리
고아성,고아성
검정치마,검정치마
whitney,whitney
houston,houston
블랙스완,블랙스완
성아,성아
hallucy,hallucy
kinda,kinda
jt,jt
marcus,marcus
프롬,프롬
이우든,이우든
공기남,공기남
gye0m,gye0m
adele,adele
monika,monika
모니카,모니카
뉴아더스,뉴아더스
전규섭,전규섭
브라더수,브라더수
오시안,오시안
엄준희,엄준희
keem,keem
레오,레오
leo,leo
한상원,한상원
ap,ap
ferg,ferg
동해,동해
donghae,donghae
나현,나현
hyun,hyun
우지원,우지원
데이지,데이지
사라,사라
원효연,원효연
cherryb,cherryb
flospoon,flospoon
시우,시우
siwoo,siwoo
로드쇼,로드쇼
ciara,ciara
페퍼톤스,페퍼톤스
peppertones,peppertones
서준혁,서준혁
나오미,나오미
김승민,김승민
데이먼스,데이먼스
이어,이어
damons,damons
swae,swae
립제이,립제이
알레프,알레프
한국관광공사,한국관광공사
박새별,박새별
likes,likes
안복진,안복진
후니용이,후니용이
아웃오브캠퍼스,아웃오브캠퍼스
어느일상,어느일상
서자영,서자영
필로,필로
pilo,pilo
은혁,은혁
eunhyuk,eunhyuk
스프링,스프링
샤인,샤인
woodie,woodie
gochild,gochild
이한울,이한울
벤치위레오,벤치위레오
benchweleo,benchweleo
웨이브온,웨이브온
커피,커피
조정규,조정규
버가부,버가부
장일호,장일호
ilho,ilho
xro,xro
재로,재로
haru,haru
christoph,christoph
eschenbach,eschenbach
philharmoniker,philharmoniker
이상은,이상은
devita,devita
cott,cott
brien,brien
너드커넥션,너드커넥션
nerd,nerd
somya,somya
소먀,소먀
경미,경미
김홍남,김홍남
리데이,리데이
reday,reday
김연우,김연우
우효,우효
나이트오프,나이트오프
빈지노,빈지노
beenzino,beenzino
애니먹,애니먹
406호,406호
추서준,추서준
김대원,김대원
하디,하디
박서연,박서연
로예,로예
lohye,lohye
패스파인더,패스파인더
최진솔,최진솔
정유빈,정유빈
wavve,wavve
수원중부경찰서,수원중부경찰서
조형우,조형우
강민경,강민경
superfruit,superfruit
evee,evee
pateko,pateko
파테코,파테코
전유나,전유나
le,le
김보경,김보경
래원,래원
layone,layone
charli,charli
xcx,xcx
백예슬,백예슬
브루노,브루노
챔프맨,챔프맨
2am,2am
우희,우희
노시현,노시현
신종욱,신종욱
트리키,트리키
루이드,루이드
llwyd,llwyd
crookes,crookes
박지독,박지독
이츠허밍,이츠허밍
이수정,이수정
mj,mj
디핵,디핵
카니발,카니발
엠투엠,엠투엠
신혜성,신혜성
수영,수영
sooyoung,sooyoung
러브홀릭,러브홀릭
philtre,philtre
인순이,인순이
